{
  "basic": {
    "keygen": {
      "mean": 0.00021715429996523503,
      "std": 0.00023923119717843025,
      "min": 0.00015855599986025481,
      "max": 0.0014812189997428504
    },
    "encrypt": {
      "mean": 0.006072478166697692,
      "std": 0.03320839536713802,
      "min": 7.067000296956394e-06,
      "max": 0.18189935099962895
    },
    "decrypt": {
      "mean": 8.859966586290587e-06,
      "std": 5.782803586303678e-06,
      "min": 6.734999715263257e-06,
      "max": 3.773900016312837e-05
    },
    "sign": {
      "mean": 0.0001800463000563468,
      "std": 1.2071709470038308e-05,
      "min": 0.000163558999702218,
      "max": 0.00021003599977120757
    },
    "verify": {
      "mean": 0.0007638430333220943,
      "std": 0.00014523562828731835,
      "min": 0.0006644380000579986,
      "max": 0.0014452890000029583
    }
  },
  "optimized": {
    "keygen": {
      "mean": 0.0002033092666806624,
      "std": 1.602156721208853e-05,
      "min": 0.0001723120003589429,
      "max": 0.0002598689998194459,
      "speedup": 1.0680983877941923
    },
    "encrypt": {
      "mean": 0.0014045696999498128,
      "std": 0.0015577914292052588,
      "min": 0.0007433759997184097,
      "max": 0.009400041999924724,
      "speedup": 4.323372607934423
    },
    "decrypt": {
      "mean": 0.0006639740000233967,
      "std": 0.00012277482733985876,
      "min": 0.0005424649998531095,
      "max": 0.001077369000086037,
      "speedup": 0.013343845671635313
    },
    "sign": {
      "mean": 0.00019915103333308556,
      "std": 3.372365059961078e-05,
      "min": 0.0001677300001574622,
      "max": 0.000289009999960399,
      "speedup": 0.9040691230319374
    },
    "verify": {
      "mean": 0.0009552484333501828,
      "std": 0.00018364459948237374,
      "min": 0.0006365529998220154,
      "max": 0.001173607000055199,
      "speedup": 0.7996276221497643
    }
  }
}